{"Epoch": 2, "Total Epoch": 2, "Train Loss": 64.96630764007568, "Val Loss": 4.195356488227844, "Val Accuracy": 0.0, "_timestamp": 1722999979.8309677, "_runtime": 12.85266661643982, "_step": 1, "_wandb": {"runtime": 10}}