{"Epoch": 5, "Total Epoch": 5, "Train Loss": 0.8301957957446575, "Val Loss": 2.1800349168479443, "Val Accuracy": 50.0, "_timestamp": 1723010204.4403815, "_runtime": 15.849804639816284, "_step": 4, "_wandb": {"runtime": 13}}