{"Epoch": 5, "Total Epoch": 5, "Train Loss": 8.580678820610046, "Val Loss": 1.1365255458014352, "Val Accuracy": 56.0, "_timestamp": 1723002701.6185186, "_runtime": 20.914746522903442, "_step": 4, "_wandb": {"runtime": 18}}