{"Epoch": 10, "Total Epoch": 10, "Train Loss": 80.92304992675781, "Val Loss": 79.94249725341797, "Val Accuracy": 0.0, "_timestamp": 1722997794.9956238, "_runtime": 9.235611915588379, "_step": 9, "_wandb": {"runtime": 7}}