{"Epoch": 4, "Total Epoch": 4, "Train Loss": 34.0841144323349, "Val Loss": 1.2602527141571045, "Val Accuracy": 41.23222748815166, "_timestamp": 1723001033.906723, "_runtime": 106.46071600914001, "_step": 3, "_wandb": {"runtime": 104}}