{"Epoch": 4, "Total Epoch": 4, "Train Loss": 37.71423041820526, "Val Loss": 1.207710176706314, "Val Accuracy": 38.679245283018865, "_timestamp": 1723001406.720456, "_runtime": 105.9836437702179, "_step": 3, "_wandb": {"runtime": 103}}