{"Epoch": 10, "Total Epoch": 10, "Train Loss": 0.0, "Val Loss": 3207.55419921875, "Val Accuracy": 0.0, "_timestamp": 1722998689.624245, "_runtime": 8.466986894607544, "_step": 9, "_wandb": {"runtime": 6}}