{"Epoch": 2, "Total Epoch": 2, "Train Loss": 26.771991550922394, "Val Loss": 2.3983348437717984, "Val Accuracy": 0.0, "_timestamp": 1722999092.0733316, "_runtime": 57.14119362831116, "_step": 1, "_wandb": {"runtime": 55}}