{"Epoch": 1, "Total Epoch": 1, "Train Loss": 2.796736478805542, "Val Loss": 1.5075570344924927, "Val Accuracy": 24.0, "_timestamp": 1723002174.251075, "_runtime": 9.194518089294434, "_step": 0, "_wandb": {"runtime": 7}}