{"Train Loss": 0.012651223158172797, "Val Loss": 0.013887736218748614, "_timestamp": 1722906737.8421013, "_runtime": 45.36382222175598, "_step": 5, "_wandb": {"runtime": 43}}