{"Epoch": 5, "Total Epoch": 5, "Train Loss": 9.830679059028625, "Val Loss": 1.422239865575518, "Val Accuracy": 30.0, "_timestamp": 1723002815.126713, "_runtime": 20.73150610923767, "_step": 4, "_wandb": {"runtime": 18}}