{"Epoch": 5, "Total Epoch": 5, "Train Loss": 3.032475233078003, "Val Loss": 1.5197097659111023, "Val Accuracy": 24.0, "_timestamp": 1723002281.4020975, "_runtime": 15.962555408477783, "_step": 4, "_wandb": {"runtime": 14}}