{"Epoch": 2, "Total Epoch": 2, "Train Loss": 1.3436681032180786, "Val Loss": 1.3770016431808472, "Val Accuracy": 36.666666666666664, "_timestamp": 1723008707.4296236, "_runtime": 9.859213590621948, "_step": 1, "_wandb": {"runtime": 7}}