{"Epoch": 1, "Total Epoch": 1, "Train Loss": 4.04663610458374, "Val Loss": 4.04663610458374, "Val Accuracy": 0.0, "_timestamp": 1722997530.0532537, "_runtime": 6.791141748428345, "_step": 0, "_wandb": {"runtime": 4}}