{"Epoch": 2, "Total Epoch": 2, "Train Loss": 21.29778003692627, "Val Loss": 1.3747546672821045, "Val Accuracy": 26.0, "_timestamp": 1723000554.0986931, "_runtime": 11.467149019241333, "_step": 1, "_wandb": {"runtime": 9}}