{"Epoch": 2, "Total Epoch": 2, "Train Loss": 393.65848364312205, "Val Loss": 1.3985808406557356, "Val Accuracy": 0.0, "_timestamp": 1722998843.1420643, "_runtime": 55.9045352935791, "_step": 1, "_wandb": {"runtime": 54}}