{"Epoch": 2, "Total Epoch": 2, "Train Loss": 163.74654376506805, "Val Loss": 1.3508112856319971, "Val Accuracy": 35.84905660377358, "_timestamp": 1723005198.692499, "_runtime": 64.85721492767334, "_step": 1, "_wandb": {"runtime": 63}}