{"Epoch": 5, "Total Epoch": 5, "Train Loss": 1.515531800687313, "Val Loss": 2.145251400768757, "Val Accuracy": 56.666666666666664, "_timestamp": 1723010143.2346413, "_runtime": 15.017409324645996, "_step": 4, "_wandb": {"runtime": 13}}