{"Epoch": 5, "Total Epoch": 5, "Train Loss": 8.330678939819336, "Val Loss": 1.2972398485456194, "Val Accuracy": 44.0, "_timestamp": 1723004990.3254437, "_runtime": 18.512516736984253, "_step": 4, "_wandb": {"runtime": 16}}