{"Epoch": 2, "Total Epoch": 2, "Train Loss": 16.048171043395996, "Val Loss": 2.460376024246216, "Val Accuracy": 28.0, "_timestamp": 1723000454.6151302, "_runtime": 11.51265025138855, "_step": 1, "_wandb": {"runtime": 9}}