{"Epoch": 5, "Total Epoch": 5, "Train Loss": 9.58067911863327, "Val Loss": 1.5293827227183752, "Val Accuracy": 24.0, "_timestamp": 1723002491.440584, "_runtime": 20.39789891242981, "_step": 4, "_wandb": {"runtime": 18}}