{"Epoch": 5, "Total Epoch": 5, "Train Loss": 4.574210584163666, "Val Loss": 1.3260810375213623, "Val Accuracy": 43.333333333333336, "_timestamp": 1723010031.8471713, "_runtime": 17.499616384506226, "_step": 4, "_wandb": {"runtime": 15}}