{"Epoch": 10, "Total Epoch": 10, "Train Loss": 60.85588836669922, "Val Loss": 62.27564811706543, "Val Accuracy": 0.0, "_timestamp": 1722997715.245342, "_runtime": 8.8007230758667, "_step": 9, "_wandb": {"runtime": 6}}