{"Epoch": 2, "Total Epoch": 2, "Train Loss": 12.199346542358398, "Val Loss": 1.3999183177947998, "Val Accuracy": 33.333333333333336, "_timestamp": 1723009144.0924454, "_runtime": 10.402019262313843, "_step": 1, "_wandb": {"runtime": 8}}