{"Epoch": 1, "Total Epoch": 1, "Train Loss": 42.99275541305542, "Val Loss": 1.4608558118343353, "Val Accuracy": 32.075471698113205, "_timestamp": 1723002050.349649, "_runtime": 30.935035943984985, "_step": 0, "_wandb": {"runtime": 29}}