{"Epoch": 1, "Total Epoch": 5, "Train Loss": 162.5931135416031, "Val Loss": 1.3686684199741908, "Val Accuracy": 36.79245283018868, "_timestamp": 1723005079.1014502, "_runtime": 34.90937829017639, "_step": 0}