{"Epoch": 10, "Total Epoch": 10, "Train Loss": 0.0, "Val Loss": 52.4708309173584, "Val Accuracy": 0.0, "_timestamp": 1722998274.1411867, "_runtime": 8.890517711639404, "_step": 9, "_wandb": {"runtime": 7}}