{"Epoch": 5, "Total Epoch": 5, "Train Loss": 8.455678820610046, "Val Loss": 1.2436684199741908, "Val Accuracy": 56.0, "_timestamp": 1723002914.1005704, "_runtime": 19.650524377822876, "_step": 4, "_wandb": {"runtime": 17}}