{"Epoch": 10, "Total Epoch": 10, "Train Loss": 43.08501434326172, "Val Loss": 43.08501434326172, "Val Accuracy": 0.0, "_timestamp": 1722997660.8074324, "_runtime": 8.727254390716553, "_step": 9, "_wandb": {"runtime": 6}}