{"Train Loss": 0.01268311184394406, "Val Loss": 0.014600299642188475, "_timestamp": 1722906652.976241, "_runtime": 45.0172381401062, "_step": 5, "_wandb": {"runtime": 43}}