{"Epoch": 1, "Total Epoch": 1, "Train Loss": 1.389006495475769, "Val Loss": 1.2850825786590576, "Val Accuracy": 43.333333333333336, "_timestamp": 1723008658.0399327, "_runtime": 8.830005645751953, "_step": 0, "_wandb": {"runtime": 5}}