{"Train Loss": 0.01189150999271078, "Val Loss": 0.0137173039096524, "_timestamp": 1722907010.2423754, "_runtime": 71.15647625923157, "_step": 9, "_wandb": {"runtime": 69}}