{"Epoch": 2, "Total Epoch": 2, "Train Loss": 1076.6694674975881, "Val Loss": 1.4067996399743217, "Val Accuracy": 0.0, "_timestamp": 1722998974.8834608, "_runtime": 58.76912069320679, "_step": 1, "_wandb": {"runtime": 56}}