{"Epoch": 10, "Total Epoch": 10, "Train Loss": 0.0, "Val Loss": 92.59901428222656, "Val Accuracy": 0.0, "_timestamp": 1722998426.1024907, "_runtime": 8.963855743408203, "_step": 9, "_wandb": {"runtime": 6}}