{"Epoch": 10, "Total Epoch": 10, "Train Loss": 0.0, "Val Loss": 62.18406295776367, "Val Accuracy": 0.0, "_timestamp": 1722998560.5362298, "_runtime": 8.794925928115845, "_step": 9, "_wandb": {"runtime": 6}}