{"Epoch": 2, "Total Epoch": 2, "Train Loss": 7.049773156642914, "Val Loss": 1.2911375239491463, "Val Accuracy": 43.333333333333336, "_timestamp": 1723009679.919336, "_runtime": 10.345863103866577, "_step": 1, "_wandb": {"runtime": 8}}