{"Epoch": 5, "Total Epoch": 5, "Train Loss": 2.772058606147766, "Val Loss": 1.5075570344924927, "Val Accuracy": 24.0, "_timestamp": 1723002212.3019674, "_runtime": 16.753048419952393, "_step": 4, "_wandb": {"runtime": 14}}