{"Epoch": 1, "Total Epoch": 1, "Train Loss": 9.22057020664215, "Val Loss": 1.5115255628313338, "Val Accuracy": 26.0, "_timestamp": 1723008191.3493543, "_runtime": 10.250486373901367, "_step": 0, "_wandb": {"runtime": 7}}