{"Epoch": 1, "Total Epoch": 2, "Train Loss": 55.35184907913208, "Val Loss": 2.098860263824463, "Val Accuracy": 0.0, "_timestamp": 1722999392.295028, "_runtime": 32.444518089294434, "_step": 0}