{"Epoch": 4, "Total Epoch": 4, "Train Loss": 37.986623764038086, "Val Loss": 1.1597020328044891, "Val Accuracy": 39.62264150943396, "_timestamp": 1723001712.17438, "_runtime": 102.62759494781494, "_step": 3, "_wandb": {"runtime": 100}}