{"Epoch": 2, "Total Epoch": 2, "Train Loss": 12.625608921051025, "Val Loss": 1.3833506107330322, "Val Accuracy": 30.0, "_timestamp": 1723000589.9939723, "_runtime": 11.237188339233398, "_step": 1, "_wandb": {"runtime": 9}}