{"Epoch": 2, "Total Epoch": 2, "Train Loss": 0.0, "Val Loss": 1122.5426025390625, "Val Accuracy": 0.0, "_timestamp": 1722999464.4251227, "_runtime": 11.624530792236328, "_step": 1, "_wandb": {"runtime": 9}}