{"Epoch": 1, "Total Epoch": 1, "Train Loss": 9.33387541770935, "Val Loss": 1.350811277117048, "Val Accuracy": 44.0, "_timestamp": 1723008468.3594217, "_runtime": 8.93560266494751, "_step": 0, "_wandb": {"runtime": 6}}