{"Epoch": 5, "Total Epoch": 5, "Train Loss": 9.580678939819336, "Val Loss": 1.2972398485456194, "Val Accuracy": 44.0, "_timestamp": 1723004940.0903735, "_runtime": 20.030481576919556, "_step": 4, "_wandb": {"runtime": 18}}