{"Epoch": 2, "Total Epoch": 2, "Train Loss": 7.519154876470566, "Val Loss": 1.2225138172507286, "Val Accuracy": 56.666666666666664, "_timestamp": 1723009966.202158, "_runtime": 10.012511968612671, "_step": 1, "_wandb": {"runtime": 8}}