{"Epoch": 4, "Total Epoch": 4, "Train Loss": 2.706839442253113, "Val Loss": 1.3570703268051147, "Val Accuracy": 30.0, "_timestamp": 1723000862.9645941, "_runtime": 15.266866207122803, "_step": 3, "_wandb": {"runtime": 13}}