{"Epoch": 4, "Total Epoch": 4, "Train Loss": 2.7640841007232666, "Val Loss": 1.3807814121246338, "Val Accuracy": 30.0, "_timestamp": 1723000705.588472, "_runtime": 15.638698816299438, "_step": 3, "_wandb": {"runtime": 13}}